eo_code,eo_model_name,eo_model_id,strategy_id,eo_description,teh_mesto,mvz,eo_class_code,eo_class_description,eo_main_code,eo_main_description,eo_main_class_code,eo_main_class_description,teh_mesto_description,level_upper,code,level_1,level_1_code,level_2_code,level_2_path,level_3_code,level_5,level_6,level_7,level_8,operation_start_date,avearage_day_operation_hours,operation_finish_date,level_1_description,constr_type,avearage_day_operation_hours_updated,avearage_day_operation_hours 2,operation_status 01.03.2022,Дата ввода в экспл.(полностью включая день),Плановая дата вывода из эксплуат.(полностью включая день),Наработка 1.03.2022
100000084492,Самосвалы Komatsu 730E-10,68,3,Самосвал карьерный 730E-10 №37,05-KAR-UTTR-K101,1413011320,E01_01,Самосвалы карьерные,100000084492,Самосвал карьерный 730E-10 №37,E01_01,Самосвалы карьерные,Самосвал карьерный №37,05-KAR-UTTR-K731,first05-KAR-UTTR-K101,first05,5,KAR,05-KAR,UTTR,-,UTTR,K101,no_data,2022-03-01,20.37,2034-03-01,Полюс Магадан,960011512,"20,37",,НПВЭ,01.03.2022,01.03.2034,
100000084493,Самосвалы Komatsu 730E-10,68,3,Самосвал карьерный 730E-10 №38,05-KAR-UTTR-K102,1413011320,E01_01,Самосвалы карьерные,100000084493,Самосвал карьерный 730E-10 №38,E01_01,Самосвалы карьерные,Самосвал карьерный №38,05-KAR-UTTR-K731,first05-KAR-UTTR-K102,first05,5,KAR,05-KAR,UTTR,-,UTTR,K102,no_data,2022-03-01,20.37,2034-03-01,Полюс Магадан,960011512,"20,37",,НПВЭ,01.03.2022,01.03.2034,
100000084494,Самосвалы Komatsu 730E-10,68,3,Самосвал карьерный 730E-10 №39,05-KAR-UTTR-K103,1413011320,E01_01,Самосвалы карьерные,100000084494,Самосвал карьерный 730E-10 №39,E01_01,Самосвалы карьерные,Самосвал карьерный №39,05-KAR-UTTR-K731,first05-KAR-UTTR-K103,first05,5,KAR,05-KAR,UTTR,-,UTTR,K103,no_data,2022-03-01,20.37,2034-03-01,Полюс Магадан,960011512,"20,37",,НПВЭ,01.03.2022,01.03.2034,
100000084495,Самосвалы Komatsu 730E-10,68,3,Самосвал карьерный 730E-10 №40,05-KAR-UTTR-K104,1413011320,E01_01,Самосвалы карьерные,100000084495,Самосвал карьерный 730E-10 №40,E01_01,Самосвалы карьерные,Самосвал карьерный №40,05-KAR-UTTR-K731,first05-KAR-UTTR-K104,first05,5,KAR,05-KAR,UTTR,-,UTTR,K104,no_data,2022-03-01,20.37,2034-03-01,Полюс Магадан,960011512,"20,37",,НПВЭ,01.03.2022,01.03.2034,
100000084496,Самосвалы Komatsu 730E-10,68,3,Самосвал карьерный 730E-10 №41,05-KAR-UTTR-K105,1413011320,E01_01,Самосвалы карьерные,100000084496,Самосвал карьерный 730E-10 №41,E01_01,Самосвалы карьерные,Самосвал карьерный №41,05-KAR-UTTR-K731,first05-KAR-UTTR-K105,first05,5,KAR,05-KAR,UTTR,-,UTTR,K105,no_data,2022-04-01,20.37,2034-04-01,Полюс Магадан,960011512,"20,37",,НПВЭ,01.04.2022,01.04.2034,
100000084497,Самосвалы Komatsu 730E-10,68,3,Самосвал карьерный 730E-10 №42,05-KAR-UTTR-K106,1413011320,E01_01,Самосвалы карьерные,100000084497,Самосвал карьерный 730E-10 №42,E01_01,Самосвалы карьерные,Самосвал карьерный №42,05-KAR-UTTR-K731,first05-KAR-UTTR-K106,first05,5,KAR,05-KAR,UTTR,-,UTTR,K106,no_data,2022-04-01,20.37,2034-04-01,Полюс Магадан,960011512,"20,37",,НПВЭ,01.04.2022,01.04.2034,
100000084498,Самосвалы Komatsu 730E-10,68,3,Самосвал карьерный 730E-10 №43,05-KAR-UTTR-K107,1413011320,E01_01,Самосвалы карьерные,100000084498,Самосвал карьерный 730E-10 №43,E01_01,Самосвалы карьерные,Самосвал карьерный №43,05-KAR-UTTR-K731,first05-KAR-UTTR-K107,first05,5,KAR,05-KAR,UTTR,-,UTTR,K107,no_data,2022-05-01,20.37,2034-05-01,Полюс Магадан,960011512,"20,37",,НПВЭ,01.05.2022,01.05.2034,
100000084499,Самосвалы Komatsu 730E-10,68,3,Самосвал карьерный 730E-10 №44,05-KAR-UTTR-K108,1413011320,E01_01,Самосвалы карьерные,100000084499,Самосвал карьерный 730E-10 №44,E01_01,Самосвалы карьерные,Самосвал карьерный 44,05-KAR-UTTR-K731,first05-KAR-UTTR-K108,first05,5,KAR,05-KAR,UTTR,-,UTTR,K108,no_data,2022-05-01,20.37,2034-05-01,Полюс Магадан,960011512,"20,37",,НПВЭ,01.05.2022,01.05.2034,
100000084500,Самосвалы Komatsu 730E-10,68,3,Самосвал карьерный 730E-10 №45,05-KAR-UTTR-K109,1413011320,E01_01,Самосвалы карьерные,100000084500,Самосвал карьерный 730E-10 №45,E01_01,Самосвалы карьерные,Самосвал карьерный №45,05-KAR-UTTR-K731,first05-KAR-UTTR-K109,first05,5,KAR,05-KAR,UTTR,-,UTTR,K109,no_data,2022-06-01,20.37,2034-06-01,Полюс Магадан,960011512,"20,37",,НПВЭ,01.06.2022,01.06.2034,
100000084501,Самосвалы Komatsu 730E-10,68,3,Самосвал карьерный 730E-10 №46,05-KAR-UTTR-K110,1413011320,E01_01,Самосвалы карьерные,100000084501,Самосвал карьерный 730E-10 №46,E01_01,Самосвалы карьерные,Самосвал карьерный №46,05-KAR-UTTR-K731,first05-KAR-UTTR-K110,first05,5,KAR,05-KAR,UTTR,-,UTTR,K110,no_data,2022-06-01,20.37,2034-06-01,Полюс Магадан,960011512,"20,37",,НПВЭ,01.06.2022,01.06.2034,
100000084502,Самосвалы Komatsu 730E-10,68,3,Самосвал карьерный 730E-10 №47,05-KAR-UTTR-K111,1413011320,E01_01,Самосвалы карьерные,100000084502,Самосвал карьерный 730E-10 №47,E01_01,Самосвалы карьерные,Самосвал карьерный №47,05-KAR-UTTR-K731,first05-KAR-UTTR-K111,first05,5,KAR,05-KAR,UTTR,-,UTTR,K111,no_data,2022-06-01,20.37,2034-06-01,Полюс Магадан,960011512,"20,37",,НПВЭ,01.06.2022,01.06.2034,
100000084503,Самосвалы Komatsu 730E-10,68,3,Самосвал карьерный 730E-10 №48,05-KAR-UTTR-K112,1413011320,E01_01,Самосвалы карьерные,100000084503,Самосвал карьерный 730E-10 №48,E01_01,Самосвалы карьерные,Самосвал карьерный №48,05-KAR-UTTR-K731,first05-KAR-UTTR-K112,first05,5,KAR,05-KAR,UTTR,-,UTTR,K112,no_data,2022-06-01,20.37,2034-06-01,Полюс Магадан,960011512,"20,37",,НПВЭ,01.06.2022,01.06.2034,
100000084504,Самосвалы Komatsu 730E-10,68,3,Самосвал карьерный 730E-10 №49,05-KAR-UTTR-K113,1413011320,E01_01,Самосвалы карьерные,100000084504,Самосвал карьерный 730E-10 №49,E01_01,Самосвалы карьерные,Самосвал карьерный №49,05-KAR-UTTR-K731,first05-KAR-UTTR-K113,first05,5,KAR,05-KAR,UTTR,-,UTTR,K113,no_data,2022-07-01,20.37,2034-07-01,Полюс Магадан,960011512,"20,37",,НПВЭ,01.07.2022,01.07.2034,
100000084505,Самосвалы Komatsu 730E-10,68,3,Самосвал карьерный 730E-10 №50,05-KAR-UTTR-K114,1413011320,E01_01,Самосвалы карьерные,100000084505,Самосвал карьерный 730E-10 №50,E01_01,Самосвалы карьерные,Самосвал карьерный №50,05-KAR-UTTR-K731,first05-KAR-UTTR-K114,first05,5,KAR,05-KAR,UTTR,-,UTTR,K114,no_data,2022-07-01,20.37,2034-07-01,Полюс Магадан,960011512,"20,37",,НПВЭ,01.07.2022,01.07.2034,
100000084506,Самосвалы Komatsu 730E-10,68,3,Самосвал карьерный 730E-10 №51,05-KAR-UTTR-K115,1413011320,E01_01,Самосвалы карьерные,100000084506,Самосвал карьерный 730E-10 №51,E01_01,Самосвалы карьерные,Самосвал карьерный №51,05-KAR-UTTR-K731,first05-KAR-UTTR-K115,first05,5,KAR,05-KAR,UTTR,-,UTTR,K115,no_data,2022-07-01,20.37,2034-07-01,Полюс Магадан,960011512,"20,37",,НПВЭ,01.07.2022,01.07.2034,
100000028868,Самосвалы CAT 785C,65,4,Самосвал карьерный 785C №401,11-RUD-CGTR-SEBT-CC01,1113011620,E01_01,Самосвалы карьерные,100000028868,Самосвал карьерный 785C №401,E01_01,Самосвалы карьерные,Самосвал карьерный №401,11-RUD-CGTR-SEBT-C785,first11-RUD-CGTR-SEBT-CC01,first11,11,RUD,11-RUD,CGTR,-,CGTR,SEBT,no_data,2009-03-04,19.18,2022-08-01,Олимпиадинский ГОК,960000001,"19,17808219","19,17808219",Эксплуатация,04.03.2009,01.08.2022,"99441,57"
100000062369,Самосвалы CAT 785C,65,4,Самосвал карьерный 785C №403,11-RUD-CGTR-SEBT-CC03,1113011620,E01_01,Самосвалы карьерные,100000062369,Самосвал карьерный 785C №403,E01_01,Самосвалы карьерные,Самосвал карьерный №403,11-RUD-CGTR-SEBT-C785,first11-RUD-CGTR-SEBT-CC03,first11,11,RUD,11-RUD,CGTR,-,CGTR,SEBT,no_data,2009-05-06,19.18,2022-09-01,Олимпиадинский ГОК,960000001,"19,17808219","19,17808219",Эксплуатация,06.05.2009,01.09.2022,"98646,01"
100000062370,Самосвалы CAT 785C,65,4,Самосвал карьерный 785C №404,11-RUD-CGTR-SEBT-CC04,1113011620,E01_01,Самосвалы карьерные,100000062370,Самосвал карьерный 785C №404,E01_01,Самосвалы карьерные,Самосвал карьерный №404,11-RUD-CGTR-SEBT-C785,first11-RUD-CGTR-SEBT-CC04,first11,11,RUD,11-RUD,CGTR,-,CGTR,SEBT,no_data,2009-05-06,19.18,2022-12-31,Олимпиадинский ГОК,960000001,"19,17808219","19,17808219",Эксплуатация,06.05.2009,31.12.2022,102497
100000062371,Самосвалы CAT 785C,65,4,Самосвал карьерный 785C №405,11-RUD-CGTR-SEBT-CC05,1113011620,E01_01,Самосвалы карьерные,100000062371,Самосвал карьерный 785C №405,E01_01,Самосвалы карьерные,Самосвал карьерный №405,11-RUD-CGTR-SEBT-C785,first11-RUD-CGTR-SEBT-CC05,first11,11,RUD,11-RUD,CGTR,-,CGTR,SEBT,no_data,2009-05-06,19.18,2022-10-01,Олимпиадинский ГОК,960000001,"19,17808219","19,17808219",Эксплуатация,06.05.2009,01.10.2022,"98542,54"
100000062372,Самосвалы CAT 785C,65,4,Самосвал карьерный 785C №407,11-RUD-CGTR-SEBT-CC07,1113011620,E01_01,Самосвалы карьерные,100000062372,Самосвал карьерный 785C №407,E01_01,Самосвалы карьерные,Самосвал карьерный №407,11-RUD-CGTR-SEBT-C785,first11-RUD-CGTR-SEBT-CC07,first11,11,RUD,11-RUD,CGTR,-,CGTR,SEBT,no_data,2009-06-08,19.18,2022-11-01,Олимпиадинский ГОК,960000001,"19,17808219","19,17808219",Эксплуатация,08.06.2009,01.11.2022,"97708,31"
100000062373,Самосвалы CAT 785C,65,4,Самосвал карьерный 785C №409,11-RUD-CGTR-SEBT-CC09,1113011620,E01_01,Самосвалы карьерные,100000062373,Самосвал карьерный 785C №409,E01_01,Самосвалы карьерные,Самосвал карьерный №409,11-RUD-CGTR-SEBT-C785,first11-RUD-CGTR-SEBT-CC09,first11,11,RUD,11-RUD,CGTR,-,CGTR,SEBT,no_data,2009-06-24,19.18,2023-01-01,Олимпиадинский ГОК,960000001,"19,17808219","19,17808219",Эксплуатация,24.06.2009,01.01.2023,"97567,94"
100000062376,Самосвалы CAT 785C,65,4,Самосвал карьерный 785C №415,11-RUD-CGTR-SEBT-CC14,1113011620,E01_01,Самосвалы карьерные,100000062376,Самосвал карьерный 785C №415,E01_01,Самосвалы карьерные,Самосвал карьерный №415,11-RUD-CGTR-SEBT-C785,first11-RUD-CGTR-SEBT-CC14,first11,11,RUD,11-RUD,CGTR,-,CGTR,SEBT,no_data,2009-11-04,19.18,2023-01-01,Олимпиадинский ГОК,960000001,"19,17808219","19,17808219",Эксплуатация,04.11.2009,01.01.2023,"95836,5"
100000062377,Самосвалы CAT 785C,65,4,Самосвал карьерный 785C №414,11-RUD-CGTR-SEBT-CC13,1113011620,E01_01,Самосвалы карьерные,100000062377,Самосвал карьерный 785C №414,E01_01,Самосвалы карьерные,Самосвал карьерный №414,11-RUD-CGTR-SEBT-C785,first11-RUD-CGTR-SEBT-CC13,first11,11,RUD,11-RUD,CGTR,-,CGTR,SEBT,no_data,2009-11-02,19.18,2023-01-01,Олимпиадинский ГОК,960000001,"19,17808219","19,17808219",Эксплуатация,02.11.2009,01.01.2023,"97332,72"
100000062378,Самосвалы CAT 785C,65,4,Самосвал карьерный 785C №412,11-RUD-CGTR-SEBT-CC12,1113011620,E01_01,Самосвалы карьерные,100000062378,Самосвал карьерный 785C №412,E01_01,Самосвалы карьерные,Самосвал карьерный №412,11-RUD-CGTR-SEBT-C785,first11-RUD-CGTR-SEBT-CC12,first11,11,RUD,11-RUD,CGTR,-,CGTR,SEBT,no_data,2009-10-31,19.18,2022-02-14,Олимпиадинский ГОК,960000001,"19,17808219","19,17808219",Эксплуатация,31.10.2009,14.02.2022,"96603,72"
100000062379,Самосвалы CAT 785C,65,4,Самосвал карьерный 785C №411,11-RUD-CGTR-SEBT-CC11,1113011620,E01_01,Самосвалы карьерные,100000062379,Самосвал карьерный 785C №411,E01_01,Самосвалы карьерные,Самосвал карьерный №411,11-RUD-CGTR-SEBT-C785,first11-RUD-CGTR-SEBT-CC11,first11,11,RUD,11-RUD,CGTR,-,CGTR,SEBT,no_data,2009-10-02,19.18,2023-02-01,Олимпиадинский ГОК,960000001,"19,17808219","19,17808219",Эксплуатация,02.10.2009,01.02.2023,"96638,5"
100000062380,Самосвалы CAT 785C,65,4,Самосвал карьерный 785C №424,11-RUD-CGTR-SEBT-CC23,1113011620,E01_01,Самосвалы карьерные,100000062380,Самосвал карьерный 785C №424,E01_01,Самосвалы карьерные,Самосвал карьерный №424,11-RUD-CGTR-SEBT-C785,first11-RUD-CGTR-SEBT-CC23,first11,11,RUD,11-RUD,CGTR,-,CGTR,SEBT,no_data,2011-05-20,19.55,2023-07-01,Олимпиадинский ГОК,960000001,"19,55342466","19,55342466",Эксплуатация,20.05.2011,01.07.2023,"81100,89"
100000065606,Самосвалы CAT 785C,65,4,Самосвал карьерный 785C №501,11-RUD-CGTR-SEBT-CC50,1113011620,E01_01,Самосвалы карьерные,100000065606,Самосвал карьерный 785C №501,E01_01,Самосвалы карьерные,Самосвал карьерный №501,11-RUD-CGTR-SEBT-C785,first11-RUD-CGTR-SEBT-CC50,first11,11,RUD,11-RUD,CGTR,-,CGTR,SEBT,no_data,2010-12-16,20.0,2023-07-01,Олимпиадинский ГОК,960000001,20,20,Эксплуатация,16.12.2010,01.07.2023,"90365,25"
100000065607,Самосвалы CAT 785C,65,4,Самосвал карьерный 785C №502,11-RUD-CGTR-SEBT-CC51,1113011620,E01_01,Самосвалы карьерные,100000065607,Самосвал карьерный 785C №502,E01_01,Самосвалы карьерные,Самосвал карьерный №502,11-RUD-CGTR-SEBT-C785,first11-RUD-CGTR-SEBT-CC51,first11,11,RUD,11-RUD,CGTR,-,CGTR,SEBT,no_data,2010-12-16,20.0,2023-07-01,Олимпиадинский ГОК,960000001,20,20,Эксплуатация,16.12.2010,01.07.2023,"85083,09"
100000065608,Самосвалы CAT 785C,65,4,Самосвал карьерный 785C №503,11-RUD-CGTR-SEBT-CC52,1113011620,E01_01,Самосвалы карьерные,100000065608,Самосвал карьерный 785C №503,E01_01,Самосвалы карьерные,Самосвал карьерный №503,11-RUD-CGTR-SEBT-C785,first11-RUD-CGTR-SEBT-CC52,first11,11,RUD,11-RUD,CGTR,-,CGTR,SEBT,no_data,2010-12-16,20.0,2023-07-01,Олимпиадинский ГОК,960000001,20,20,Эксплуатация,16.12.2010,01.07.2023,"85470,31"
100000065609,Самосвалы CAT 785C,65,4,Самосвал карьерный 785C №504,11-RUD-CGTR-SEBT-CC53,1113011620,E01_01,Самосвалы карьерные,100000065609,Самосвал карьерный 785C №504,E01_01,Самосвалы карьерные,Самосвал карьерный №504,11-RUD-CGTR-SEBT-C785,first11-RUD-CGTR-SEBT-CC53,first11,11,RUD,11-RUD,CGTR,-,CGTR,SEBT,no_data,2010-12-31,20.0,2023-07-01,Олимпиадинский ГОК,960000001,20,20,Эксплуатация,31.12.2010,01.07.2023,"83342,11"
100000065611,Самосвалы CAT 785C,65,4,Самосвал карьерный 785C №505,11-RUD-CGTR-SEBT-CC54,1113011620,E01_01,Самосвалы карьерные,100000065611,Самосвал карьерный 785C №505,E01_01,Самосвалы карьерные,Самосвал карьерный №505,11-RUD-CGTR-SEBT-C785,first11-RUD-CGTR-SEBT-CC54,first11,11,RUD,11-RUD,CGTR,-,CGTR,SEBT,no_data,2010-12-31,20.0,2023-07-01,Олимпиадинский ГОК,960000001,20,20,Эксплуатация,31.12.2010,01.07.2023,"86496,86"
100000065967,Самосвалы CAT 785C,65,4,Самосвал карьерный 785C №423,11-RUD-CGTR-SEBT-CC22,1113011620,E01_01,Самосвалы карьерные,100000065967,Самосвал карьерный 785C №423,E01_01,Самосвалы карьерные,Самосвал карьерный №423,11-RUD-CGTR-SEBT-C785,first11-RUD-CGTR-SEBT-CC22,first11,11,RUD,11-RUD,CGTR,-,CGTR,SEBT,no_data,2011-05-20,20.27,2023-07-01,Олимпиадинский ГОК,960000001,"20,2739726","20,2739726",Эксплуатация,20.05.2011,01.07.2023,"80949,17"
100000065612,Самосвалы CAT 785C,65,4,Самосвал карьерный 785C №506,11-RUD-CGTR-SEBT-CC55,1113011620,E01_01,Самосвалы карьерные,100000065612,Самосвал карьерный 785C №506,E01_01,Самосвалы карьерные,Самосвал карьерный №506,11-RUD-CGTR-SEBT-C785,first11-RUD-CGTR-SEBT-CC55,first11,11,RUD,11-RUD,CGTR,-,CGTR,SEBT,no_data,2011-01-31,20.0,2023-07-01,Олимпиадинский ГОК,960000001,20,20,Эксплуатация,31.01.2011,01.07.2023,"88317,94"
100000065613,Самосвалы CAT 785C,65,4,Самосвал карьерный 785C №507,11-RUD-CGTR-SEBT-CC56,1113011620,E01_01,Самосвалы карьерные,100000065613,Самосвал карьерный 785C №507,E01_01,Самосвалы карьерные,Самосвал карьерный №507,11-RUD-CGTR-SEBT-C785,first11-RUD-CGTR-SEBT-CC56,first11,11,RUD,11-RUD,CGTR,-,CGTR,SEBT,no_data,2011-01-31,20.0,2023-07-01,Олимпиадинский ГОК,960000001,20,20,Эксплуатация,31.01.2011,01.07.2023,"87416,61"
100000065614,Самосвалы CAT 785C,65,4,Самосвал карьерный 785C №508,11-RUD-CGTR-SEBT-CC57,1113011620,E01_01,Самосвалы карьерные,100000065614,Самосвал карьерный 785C №508,E01_01,Самосвалы карьерные,Самосвал карьерный №508,11-RUD-CGTR-SEBT-C785,first11-RUD-CGTR-SEBT-CC57,first11,11,RUD,11-RUD,CGTR,-,CGTR,SEBT,no_data,2011-02-28,20.0,2023-07-01,Олимпиадинский ГОК,960000001,20,20,Эксплуатация,28.02.2011,01.07.2023,"86337,42"
100000065615,Самосвалы CAT 785C,65,4,Самосвал карьерный 785C №509,11-RUD-CGTR-SEBT-CC58,1113011620,E01_01,Самосвалы карьерные,100000065615,Самосвал карьерный 785C №509,E01_01,Самосвалы карьерные,Самосвал карьерный №509,11-RUD-CGTR-SEBT-C785,first11-RUD-CGTR-SEBT-CC58,first11,11,RUD,11-RUD,CGTR,-,CGTR,SEBT,no_data,2011-02-18,20.0,2023-07-01,Олимпиадинский ГОК,960000001,20,20,Эксплуатация,18.02.2011,01.07.2023,"85427,7"
100000065616,Самосвалы CAT 785C,65,4,Самосвал карьерный 785C №510,11-RUD-CGTR-SEBT-CC59,1113011620,E01_01,Самосвалы карьерные,100000065616,Самосвал карьерный 785C №510,E01_01,Самосвалы карьерные,Самосвал карьерный №510,11-RUD-CGTR-SEBT-C785,first11-RUD-CGTR-SEBT-CC59,first11,11,RUD,11-RUD,CGTR,-,CGTR,SEBT,no_data,2011-02-28,20.0,2023-07-01,Олимпиадинский ГОК,960000001,20,20,Эксплуатация,28.02.2011,01.07.2023,"87705,88"
100000065617,Самосвалы CAT 785C,65,4,Самосвал карьерный 785C №511,11-RUD-CGTR-SEBT-CC60,1113011620,E01_01,Самосвалы карьерные,100000065617,Самосвал карьерный 785C №511,E01_01,Самосвалы карьерные,Самосвал карьерный №511,11-RUD-CGTR-SEBT-C785,first11-RUD-CGTR-SEBT-CC60,first11,11,RUD,11-RUD,CGTR,-,CGTR,SEBT,no_data,2011-02-28,20.0,2023-07-01,Олимпиадинский ГОК,960000001,20,20,Эксплуатация,28.02.2011,01.07.2023,"84103,72"
100000065618,Самосвалы CAT 785C,65,4,Самосвал карьерный 785C №512,11-RUD-CGTR-SEBT-CC61,1113011620,E01_01,Самосвалы карьерные,100000065618,Самосвал карьерный 785C №512,E01_01,Самосвалы карьерные,Самосвал карьерный №512,11-RUD-CGTR-SEBT-C785,first11-RUD-CGTR-SEBT-CC61,first11,11,RUD,11-RUD,CGTR,-,CGTR,SEBT,no_data,2011-03-31,20.27,2023-07-01,Олимпиадинский ГОК,960000001,"20,2739726","20,2739726",Эксплуатация,31.03.2011,01.07.2023,85973
100000065619,Самосвалы CAT 785C,65,4,Самосвал карьерный 785C №514,11-RUD-CGTR-SEBT-CC62,1113011620,E01_01,Самосвалы карьерные,100000065619,Самосвал карьерный 785C №514,E01_01,Самосвалы карьерные,Самосвал карьерный №514,11-RUD-CGTR-SEBT-C785,first11-RUD-CGTR-SEBT-CC62,first11,11,RUD,11-RUD,CGTR,-,CGTR,SEBT,no_data,2011-03-31,20.0,2023-07-01,Олимпиадинский ГОК,960000001,20,20,Эксплуатация,31.03.2011,01.07.2023,"81411,13"
100000065620,Самосвалы CAT 785C,65,4,Самосвал карьерный 785C №515,11-RUD-CGTR-SEBT-CC63,1113011620,E01_01,Самосвалы карьерные,100000065620,Самосвал карьерный 785C №515,E01_01,Самосвалы карьерные,Самосвал карьерный №515,11-RUD-CGTR-SEBT-C785,first11-RUD-CGTR-SEBT-CC63,first11,11,RUD,11-RUD,CGTR,-,CGTR,SEBT,no_data,2011-04-30,20.27,2023-07-01,Олимпиадинский ГОК,960000001,"20,2739726","20,2739726",Эксплуатация,30.04.2011,01.07.2023,"85986,22"
100000065968,Самосвалы CAT 785C,65,4,Самосвал карьерный 785C №416,11-RUD-CGTR-SEBT-CC15,1113011620,E01_01,Самосвалы карьерные,100000065968,Самосвал карьерный 785C №416,E01_01,Самосвалы карьерные,Самосвал карьерный №416,11-RUD-CGTR-SEBT-C785,first11-RUD-CGTR-SEBT-CC15,first11,11,RUD,11-RUD,CGTR,-,CGTR,SEBT,no_data,2011-04-30,20.27,2023-07-01,Олимпиадинский ГОК,960000001,"20,2739726","20,2739726",Эксплуатация,30.04.2011,01.07.2023,"83649,36"
100000065969,Самосвалы CAT 785C,65,4,Самосвал карьерный 785C №417,11-RUD-CGTR-SEBT-CC16,1113011620,E01_01,Самосвалы карьерные,100000065969,Самосвал карьерный 785C №417,E01_01,Самосвалы карьерные,Самосвал карьерный №417,11-RUD-CGTR-SEBT-C785,first11-RUD-CGTR-SEBT-CC16,first11,11,RUD,11-RUD,CGTR,-,CGTR,SEBT,no_data,2011-04-30,20.27,2023-07-01,Олимпиадинский ГОК,960000001,"20,2739726","20,2739726",Эксплуатация,30.04.2011,01.07.2023,"80693,17"
100000065970,Самосвалы CAT 785C,65,4,Самосвал карьерный 785C №418,11-RUD-CGTR-SEBT-CC17,1113011620,E01_01,Самосвалы карьерные,100000065970,Самосвал карьерный 785C №418,E01_01,Самосвалы карьерные,Самосвал карьерный №418,11-RUD-CGTR-SEBT-C785,first11-RUD-CGTR-SEBT-CC17,first11,11,RUD,11-RUD,CGTR,-,CGTR,SEBT,no_data,2011-04-30,20.27,2023-07-01,Олимпиадинский ГОК,960000001,"20,2739726","20,2739726",Эксплуатация,30.04.2011,01.07.2023,"86186,37"
100000065971,Самосвалы CAT 785C,65,4,Самосвал карьерный 785C №419,11-RUD-CGTR-SEBT-CC18,1113011620,E01_01,Самосвалы карьерные,100000065971,Самосвал карьерный 785C №419,E01_01,Самосвалы карьерные,Самосвал карьерный №419,11-RUD-CGTR-SEBT-C785,first11-RUD-CGTR-SEBT-CC18,first11,11,RUD,11-RUD,CGTR,-,CGTR,SEBT,no_data,2011-04-30,20.27,2023-07-01,Олимпиадинский ГОК,960000001,"20,2739726","20,2739726",Эксплуатация,30.04.2011,01.07.2023,"83894,72"
100000065972,Самосвалы CAT 785C,65,4,Самосвал карьерный 785C №420,11-RUD-CGTR-SEBT-CC19,1113011620,E01_01,Самосвалы карьерные,100000065972,Самосвал карьерный 785C №420,E01_01,Самосвалы карьерные,Самосвал карьерный №420,11-RUD-CGTR-SEBT-C785,first11-RUD-CGTR-SEBT-CC19,first11,11,RUD,11-RUD,CGTR,-,CGTR,SEBT,no_data,2011-04-30,20.27,2023-07-01,Олимпиадинский ГОК,960000001,"20,2739726","20,2739726",Эксплуатация,30.04.2011,01.07.2023,"83969,03"
100000065974,Самосвалы CAT 785C,65,4,Самосвал карьерный 785C №422,11-RUD-CGTR-SEBT-CC21,1113011620,E01_01,Самосвалы карьерные,100000065974,Самосвал карьерный 785C №422,E01_01,Самосвалы карьерные,Самосвал карьерный №422,11-RUD-CGTR-SEBT-C785,first11-RUD-CGTR-SEBT-CC21,first11,11,RUD,11-RUD,CGTR,-,CGTR,SEBT,no_data,2011-04-30,20.27,2023-07-01,Олимпиадинский ГОК,960000001,"20,2739726","20,2739726",Эксплуатация,30.04.2011,01.07.2023,"83384,04"
100000065975,Самосвалы CAT 785C,65,4,Самосвал карьерный 785C №425,11-RUD-CGTR-SEBT-CC24,1113011620,E01_01,Самосвалы карьерные,100000065975,Самосвал карьерный 785C №425,E01_01,Самосвалы карьерные,Самосвал карьерный №425,11-RUD-CGTR-SEBT-C785,first11-RUD-CGTR-SEBT-CC24,first11,11,RUD,11-RUD,CGTR,-,CGTR,SEBT,no_data,2011-05-26,20.72,2023-07-01,Олимпиадинский ГОК,960000001,"20,71780822","20,71780822",Эксплуатация,26.05.2011,01.07.2023,"80234,58"
100000065622,Самосвалы CAT 785C,65,4,Самосвал карьерный 785C №516,11-RUD-CGTR-SEBT-CC64,1113011620,E01_01,Самосвалы карьерные,100000065622,Самосвал карьерный 785C №516,E01_01,Самосвалы карьерные,Самосвал карьерный №516,11-RUD-CGTR-SEBT-C785,first11-RUD-CGTR-SEBT-CC64,first11,11,RUD,11-RUD,CGTR,-,CGTR,SEBT,no_data,2011-05-20,20.27,2023-07-01,Олимпиадинский ГОК,960000001,"20,2739726","20,2739726",Эксплуатация,20.05.2011,01.07.2023,"83784,41"
100000065976,Самосвалы CAT 785C,65,4,Самосвал карьерный 785C №426,11-RUD-CGTR-SEBT-CC25,1113011620,E01_01,Самосвалы карьерные,100000065976,Самосвал карьерный 785C №426,E01_01,Самосвалы карьерные,Самосвал карьерный №426,11-RUD-CGTR-SEBT-C785,first11-RUD-CGTR-SEBT-CC25,first11,11,RUD,11-RUD,CGTR,-,CGTR,SEBT,no_data,2011-07-31,20.27,2023-07-01,Олимпиадинский ГОК,960000001,"20,2739726","20,2739726",Эксплуатация,31.07.2011,01.07.2023,"100779,61"
100000062381,Самосвалы CAT 785C,65,4,Самосвал карьерный 785C №427,11-RUD-CGTR-SEBT-CC26,1113011620,E01_01,Самосвалы карьерные,100000062381,Самосвал карьерный 785C №427,E01_01,Самосвалы карьерные,Самосвал карьерный №427,11-RUD-CGTR-SEBT-C785,first11-RUD-CGTR-SEBT-CC26,first11,11,RUD,11-RUD,CGTR,-,CGTR,SEBT,no_data,2011-07-31,20.27,2023-07-01,Олимпиадинский ГОК,960000001,"20,2739726","20,2739726",Эксплуатация,31.07.2011,01.07.2023,"82349,42"
100000062382,Самосвалы CAT 785C,65,4,Самосвал карьерный 785C №428,11-RUD-CGTR-SEBT-CC27,1113011620,E01_01,Самосвалы карьерные,100000062382,Самосвал карьерный 785C №428,E01_01,Самосвалы карьерные,Самосвал карьерный №428,11-RUD-CGTR-SEBT-C785,first11-RUD-CGTR-SEBT-CC27,first11,11,RUD,11-RUD,CGTR,-,CGTR,SEBT,no_data,2011-07-31,20.27,2023-07-01,Олимпиадинский ГОК,960000001,"20,2739726","20,2739726",Эксплуатация,31.07.2011,01.07.2023,"81210,55"
100000062383,Самосвалы CAT 785C,65,4,Самосвал карьерный 785C №429,11-RUD-CGTR-SEBT-CC28,1113011620,E01_01,Самосвалы карьерные,100000062383,Самосвал карьерный 785C №429,E01_01,Самосвалы карьерные,Самосвал карьерный №429,11-RUD-CGTR-SEBT-C785,first11-RUD-CGTR-SEBT-CC28,first11,11,RUD,11-RUD,CGTR,-,CGTR,SEBT,no_data,2011-07-31,20.27,2023-07-01,Олимпиадинский ГОК,960000001,"20,2739726","20,2739726",Эксплуатация,31.07.2011,01.07.2023,"82182,6"
100000062384,Самосвалы CAT 785C,65,4,Самосвал карьерный 785C №430,11-RUD-CGTR-SEBT-CC29,1113011620,E01_01,Самосвалы карьерные,100000062384,Самосвал карьерный 785C №430,E01_01,Самосвалы карьерные,Самосвал карьерный №430,11-RUD-CGTR-SEBT-C785,first11-RUD-CGTR-SEBT-CC29,first11,11,RUD,11-RUD,CGTR,-,CGTR,SEBT,no_data,2011-08-22,20.27,2023-07-01,Олимпиадинский ГОК,960000001,"20,2739726","20,2739726",Эксплуатация,22.08.2011,01.07.2023,"80449,92"
100000062385,Самосвалы CAT 785C,65,4,Самосвал карьерный 785C №445,11-RUD-CGTR-SEBT-CC44,1113011620,E01_01,Самосвалы карьерные,100000062385,Самосвал карьерный 785C №445,E01_01,Самосвалы карьерные,Самосвал карьерный №445,11-RUD-CGTR-SEBT-C785,first11-RUD-CGTR-SEBT-CC44,first11,11,RUD,11-RUD,CGTR,-,CGTR,SEBT,no_data,2014-06-19,21.26,2025-07-01,Олимпиадинский ГОК,960000001,"21,2630137","21,2630137",Эксплуатация,19.06.2014,01.07.2025,"52817,3"
100000062386,Самосвалы CAT 785C,65,4,Самосвал карьерный 785C №441,11-RUD-CGTR-SEBT-CC40,1113011620,E01_01,Самосвалы карьерные,100000062386,Самосвал карьерный 785C №441,E01_01,Самосвалы карьерные,Самосвал карьерный №441,11-RUD-CGTR-SEBT-C785,first11-RUD-CGTR-SEBT-CC40,first11,11,RUD,11-RUD,CGTR,-,CGTR,SEBT,no_data,2014-06-19,21.26,2025-07-01,Олимпиадинский ГОК,960000001,"21,2630137","21,2630137",Эксплуатация,19.06.2014,01.07.2025,"56469,4"
100000062387,Самосвалы CAT 785C,65,4,Самосвал карьерный 785C №444,11-RUD-CGTR-SEBT-CC43,1113011620,E01_01,Самосвалы карьерные,100000062387,Самосвал карьерный 785C №444,E01_01,Самосвалы карьерные,Самосвал карьерный №444,11-RUD-CGTR-SEBT-C785,first11-RUD-CGTR-SEBT-CC43,first11,11,RUD,11-RUD,CGTR,-,CGTR,SEBT,no_data,2014-06-19,21.26,2025-07-01,Олимпиадинский ГОК,960000001,"21,2630137","21,2630137",Эксплуатация,19.06.2014,01.07.2025,"56759,7"
100000062388,Самосвалы CAT 785C,65,4,Самосвал карьерный 785C №443,11-RUD-CGTR-SEBT-CC42,1113011620,E01_01,Самосвалы карьерные,100000062388,Самосвал карьерный 785C №443,E01_01,Самосвалы карьерные,Самосвал карьерный №443,11-RUD-CGTR-SEBT-C785,first11-RUD-CGTR-SEBT-CC42,first11,11,RUD,11-RUD,CGTR,-,CGTR,SEBT,no_data,2014-06-19,21.26,2025-07-01,Олимпиадинский ГОК,960000001,"21,2630137","21,2630137",Эксплуатация,19.06.2014,01.07.2025,"59548,89"
100000062389,Самосвалы CAT 785C,65,4,Самосвал карьерный 785C №442,11-RUD-CGTR-SEBT-CC41,1113011620,E01_01,Самосвалы карьерные,100000062389,Самосвал карьерный 785C №442,E01_01,Самосвалы карьерные,Самосвал карьерный №442,11-RUD-CGTR-SEBT-C785,first11-RUD-CGTR-SEBT-CC41,first11,11,RUD,11-RUD,CGTR,-,CGTR,SEBT,no_data,2014-06-19,21.26,2025-07-01,Олимпиадинский ГОК,960000001,"21,2630137","21,2630137",Эксплуатация,19.06.2014,01.07.2025,"56741,17"
100000062390,Самосвалы CAT 785C,65,4,Самосвал карьерный 785C №435,11-RUD-CGTR-SEBT-CC34,1113011620,E01_01,Самосвалы карьерные,100000062390,Самосвал карьерный 785C №435,E01_01,Самосвалы карьерные,Самосвал карьерный №435,11-RUD-CGTR-SEBT-C785,first11-RUD-CGTR-SEBT-CC34,first11,11,RUD,11-RUD,CGTR,-,CGTR,SEBT,no_data,2013-07-31,21.26,2025-07-01,Олимпиадинский ГОК,960000001,"21,2630137","21,2630137",Эксплуатация,31.07.2013,01.07.2025,"66868,46"
100000062391,Самосвалы CAT 785C,65,4,Самосвал карьерный 785C №431,11-RUD-CGTR-SEBT-CC30,1113011620,E01_01,Самосвалы карьерные,100000062391,Самосвал карьерный 785C №431,E01_01,Самосвалы карьерные,Самосвал карьерный №431,11-RUD-CGTR-SEBT-C785,first11-RUD-CGTR-SEBT-CC30,first11,11,RUD,11-RUD,CGTR,-,CGTR,SEBT,no_data,2013-07-31,21.26,2025-07-01,Олимпиадинский ГОК,960000001,"21,2630137","21,2630137",Эксплуатация,31.07.2013,01.07.2025,"65213,04"
100000062392,Самосвалы CAT 785C,65,4,Самосвал карьерный 785C №434,11-RUD-CGTR-SEBT-CC33,1113011620,E01_01,Самосвалы карьерные,100000062392,Самосвал карьерный 785C №434,E01_01,Самосвалы карьерные,Самосвал карьерный №434,11-RUD-CGTR-SEBT-C785,first11-RUD-CGTR-SEBT-CC33,first11,11,RUD,11-RUD,CGTR,-,CGTR,SEBT,no_data,2013-07-31,21.26,2025-07-01,Олимпиадинский ГОК,960000001,"21,2630137","21,2630137",Эксплуатация,31.07.2013,01.07.2025,"57877,27"
100000062393,Самосвалы CAT 785C,65,4,Самосвал карьерный 785C №432,11-RUD-CGTR-SEBT-CC31,1113011620,E01_01,Самосвалы карьерные,100000062393,Самосвал карьерный 785C №432,E01_01,Самосвалы карьерные,Самосвал карьерный №432,11-RUD-CGTR-SEBT-C785,first11-RUD-CGTR-SEBT-CC31,first11,11,RUD,11-RUD,CGTR,-,CGTR,SEBT,no_data,2013-07-31,21.26,2025-07-01,Олимпиадинский ГОК,960000001,"21,2630137","21,2630137",Эксплуатация,31.07.2013,01.07.2025,"60451,26"
100000062394,Самосвалы CAT 785C,65,4,Самосвал карьерный 785C №433,11-RUD-CGTR-SEBT-CC32,1113011620,E01_01,Самосвалы карьерные,100000062394,Самосвал карьерный 785C №433,E01_01,Самосвалы карьерные,Самосвал карьерный №433,11-RUD-CGTR-SEBT-C785,first11-RUD-CGTR-SEBT-CC32,first11,11,RUD,11-RUD,CGTR,-,CGTR,SEBT,no_data,2013-07-31,21.26,2025-07-01,Олимпиадинский ГОК,960000001,"21,2630137","21,2630137",Эксплуатация,31.07.2013,01.07.2025,"65770,37"
100000062395,Самосвалы CAT 785C,65,4,Самосвал карьерный 785C №436,11-RUD-CGTR-SEBT-CC35,1113011620,E01_01,Самосвалы карьерные,100000062395,Самосвал карьерный 785C №436,E01_01,Самосвалы карьерные,Самосвал карьерный №436,11-RUD-CGTR-SEBT-C785,first11-RUD-CGTR-SEBT-CC35,first11,11,RUD,11-RUD,CGTR,-,CGTR,SEBT,no_data,2013-12-31,21.26,2025-07-01,Олимпиадинский ГОК,960000001,"21,2630137","21,2630137",Эксплуатация,31.12.2013,01.07.2025,"62963,58"
100000062396,Самосвалы CAT 785C,65,4,Самосвал карьерный 785C №437,11-RUD-CGTR-SEBT-CC36,1113011620,E01_01,Самосвалы карьерные,100000062396,Самосвал карьерный 785C №437,E01_01,Самосвалы карьерные,Самосвал карьерный №437,11-RUD-CGTR-SEBT-C785,first11-RUD-CGTR-SEBT-CC36,first11,11,RUD,11-RUD,CGTR,-,CGTR,SEBT,no_data,2013-12-13,21.26,2025-07-01,Олимпиадинский ГОК,960000001,"21,2630137","21,2630137",Эксплуатация,13.12.2013,01.07.2025,"62976,54"
100000062397,Самосвалы CAT 785C,65,4,Самосвал карьерный 785C №438,11-RUD-CGTR-SEBT-CC37,1113011620,E01_01,Самосвалы карьерные,100000062397,Самосвал карьерный 785C №438,E01_01,Самосвалы карьерные,Самосвал карьерный №438,11-RUD-CGTR-SEBT-C785,first11-RUD-CGTR-SEBT-CC37,first11,11,RUD,11-RUD,CGTR,-,CGTR,SEBT,no_data,2013-12-31,21.26,2025-07-01,Олимпиадинский ГОК,960000001,"21,2630137","21,2630137",Эксплуатация,31.12.2013,01.07.2025,"63663,38"
100000062398,Самосвалы CAT 785C,65,4,Самосвал карьерный 785C №439,11-RUD-CGTR-SEBT-CC38,1113011620,E01_01,Самосвалы карьерные,100000062398,Самосвал карьерный 785C №439,E01_01,Самосвалы карьерные,Самосвал карьерный №439,11-RUD-CGTR-SEBT-C785,first11-RUD-CGTR-SEBT-CC38,first11,11,RUD,11-RUD,CGTR,-,CGTR,SEBT,no_data,2013-12-13,21.26,2025-07-01,Олимпиадинский ГОК,960000001,"21,2630137","21,2630137",Эксплуатация,13.12.2013,01.07.2025,"60723,55"
100000062399,Самосвалы CAT 785C,65,4,Самосвал карьерный 785C №440,11-RUD-CGTR-SEBT-CC39,1113011620,E01_01,Самосвалы карьерные,100000062399,Самосвал карьерный 785C №440,E01_01,Самосвалы карьерные,Самосвал карьерный №440,11-RUD-CGTR-SEBT-C785,first11-RUD-CGTR-SEBT-CC39,first11,11,RUD,11-RUD,CGTR,-,CGTR,SEBT,no_data,2013-12-13,21.26,2025-07-01,Олимпиадинский ГОК,960000001,"21,2630137","21,2630137",Эксплуатация,13.12.2013,01.07.2025,"62457,84"
100000065623,Самосвалы CAT 785C,65,4,Самосвал карьерный 785C №525,11-RUD-CGTR-SEBT-CC73,1113011620,E01_01,Самосвалы карьерные,100000065623,Самосвал карьерный 785C №525,E01_01,Самосвалы карьерные,Самосвал карьерный №525,11-RUD-CGTR-SEBT-C785,first11-RUD-CGTR-SEBT-CC73,first11,11,RUD,11-RUD,CGTR,-,CGTR,SEBT,no_data,2013-12-13,21.26,2025-07-01,Олимпиадинский ГОК,960000001,"21,2630137","21,2630137",Эксплуатация,13.12.2013,01.07.2025,"65103,87"
100000065624,Самосвалы CAT 785C,65,4,Самосвал карьерный 785C №524,11-RUD-CGTR-SEBT-CC72,1113011620,E01_01,Самосвалы карьерные,100000065624,Самосвал карьерный 785C №524,E01_01,Самосвалы карьерные,Самосвал карьерный №524,11-RUD-CGTR-SEBT-C785,first11-RUD-CGTR-SEBT-CC72,first11,11,RUD,11-RUD,CGTR,-,CGTR,SEBT,no_data,2013-12-13,21.26,2025-07-01,Олимпиадинский ГОК,960000001,"21,2630137","21,2630137",Эксплуатация,13.12.2013,01.07.2025,"63558,21"
100000065625,Самосвалы CAT 785C,65,4,Самосвал карьерный 785C №526,11-RUD-CGTR-SEBT-CC74,1113011620,E01_01,Самосвалы карьерные,100000065625,Самосвал карьерный 785C №526,E01_01,Самосвалы карьерные,Самосвал карьерный №526,11-RUD-CGTR-SEBT-C785,first11-RUD-CGTR-SEBT-CC74,first11,11,RUD,11-RUD,CGTR,-,CGTR,SEBT,no_data,2013-12-31,21.26,2025-07-01,Олимпиадинский ГОК,960000001,"21,2630137","21,2630137",Эксплуатация,31.12.2013,01.07.2025,"61688,01"
100000065626,Самосвалы CAT 785C,65,4,Самосвал карьерный 785C №523,11-RUD-CGTR-SEBT-CC71,1113011620,E01_01,Самосвалы карьерные,100000065626,Самосвал карьерный 785C №523,E01_01,Самосвалы карьерные,Самосвал карьерный №523,11-RUD-CGTR-SEBT-C785,first11-RUD-CGTR-SEBT-CC71,first11,11,RUD,11-RUD,CGTR,-,CGTR,SEBT,no_data,2013-12-13,21.26,2025-07-01,Олимпиадинский ГОК,960000001,"21,2630137","21,2630137",Эксплуатация,13.12.2013,01.07.2025,"64449,65"
100000065627,Самосвалы CAT 785C,65,4,Самосвал карьерный 785C №527,11-RUD-CGTR-SEBT-CC75,1113011620,E01_01,Самосвалы карьерные,100000065627,Самосвал карьерный 785C №527,E01_01,Самосвалы карьерные,Самосвал карьерный №527,11-RUD-CGTR-SEBT-C785,first11-RUD-CGTR-SEBT-CC75,first11,11,RUD,11-RUD,CGTR,-,CGTR,SEBT,no_data,2013-12-31,21.26,2025-07-01,Олимпиадинский ГОК,960000001,"21,2630137","21,2630137",Эксплуатация,31.12.2013,01.07.2025,"62945,31"
100000065628,Самосвалы CAT 785C,65,4,Самосвал карьерный 785C №528,11-RUD-CGTR-SEBT-CC76,1113011620,E01_01,Самосвалы карьерные,100000065628,Самосвал карьерный 785C №528,E01_01,Самосвалы карьерные,Самосвал карьерный №528,11-RUD-CGTR-SEBT-C785,first11-RUD-CGTR-SEBT-CC76,first11,11,RUD,11-RUD,CGTR,-,CGTR,SEBT,no_data,2014-02-28,21.26,2025-07-01,Олимпиадинский ГОК,960000001,"21,2630137","21,2630137",Эксплуатация,28.02.2014,01.07.2025,"55097,68"
100000065629,Самосвалы CAT 785C,65,4,Самосвал карьерный 785C №531,11-RUD-CGTR-SEBT-CC79,1113011620,E01_01,Самосвалы карьерные,100000065629,Самосвал карьерный 785C №531,E01_01,Самосвалы карьерные,Самосвал карьерный №531,11-RUD-CGTR-SEBT-C785,first11-RUD-CGTR-SEBT-CC79,first11,11,RUD,11-RUD,CGTR,-,CGTR,SEBT,no_data,2021-07-03,21.57,2025-07-01,Олимпиадинский ГОК,960000001,"21,57260274","21,57260274",Эксплуатация,03.07.2021,01.07.2025,62335
100000065630,Самосвалы CAT 785C,65,4,Самосвал карьерный 785C №529,11-RUD-CGTR-SEBT-CC77,1113011620,E01_01,Самосвалы карьерные,100000065630,Самосвал карьерный 785C №529,E01_01,Самосвалы карьерные,Самосвал карьерный №529,11-RUD-CGTR-SEBT-C785,first11-RUD-CGTR-SEBT-CC77,first11,11,RUD,11-RUD,CGTR,-,CGTR,SEBT,no_data,2014-02-28,21.26,2025-07-01,Олимпиадинский ГОК,960000001,"21,2630137","21,2630137",Эксплуатация,28.02.2014,01.07.2025,"62184,58"
100000065631,Самосвалы CAT 785C,65,4,Самосвал карьерный 785C №532,11-RUD-CGTR-SEBT-CC80,1113011620,E01_01,Самосвалы карьерные,100000065631,Самосвал карьерный 785C №532,E01_01,Самосвалы карьерные,Самосвал карьерный №532,11-RUD-CGTR-SEBT-C785,first11-RUD-CGTR-SEBT-CC80,first11,11,RUD,11-RUD,CGTR,-,CGTR,SEBT,no_data,2014-02-28,21.26,2025-07-01,Олимпиадинский ГОК,960000001,"21,2630137","21,2630137",Эксплуатация,28.02.2014,01.07.2025,"58787,04"
100000065632,Самосвалы CAT 785C,65,4,Самосвал карьерный 785C №530,11-RUD-CGTR-SEBT-CC78,1113011620,E01_01,Самосвалы карьерные,100000065632,Самосвал карьерный 785C №530,E01_01,Самосвалы карьерные,Самосвал карьерный №530,11-RUD-CGTR-SEBT-C785,first11-RUD-CGTR-SEBT-CC78,first11,11,RUD,11-RUD,CGTR,-,CGTR,SEBT,no_data,2014-02-28,21.26,2025-07-01,Олимпиадинский ГОК,960000001,"21,2630137","21,2630137",Эксплуатация,28.02.2014,01.07.2025,"59497,8"
100000065633,Самосвалы CAT 785C,65,4,Самосвал карьерный 785C №533,11-RUD-CGTR-SEBT-CC81,1113011620,E01_01,Самосвалы карьерные,100000065633,Самосвал карьерный 785C №533,E01_01,Самосвалы карьерные,Самосвал карьерный №533,11-RUD-CGTR-SEBT-C785,first11-RUD-CGTR-SEBT-CC81,first11,11,RUD,11-RUD,CGTR,-,CGTR,SEBT,no_data,2014-03-06,21.26,2025-07-01,Олимпиадинский ГОК,960000001,"21,2630137","21,2630137",Эксплуатация,06.03.2014,01.07.2025,"59498,39"
100000065634,Самосвалы CAT 785C,65,4,Самосвал карьерный 785C №534,11-RUD-CGTR-SEBT-CC82,1113011620,E01_01,Самосвалы карьерные,100000065634,Самосвал карьерный 785C №534,E01_01,Самосвалы карьерные,Самосвал карьерный №534,11-RUD-CGTR-SEBT-C785,first11-RUD-CGTR-SEBT-CC82,first11,11,RUD,11-RUD,CGTR,-,CGTR,SEBT,no_data,2014-03-06,21.36,2025-07-01,Олимпиадинский ГОК,960000001,"21,36164384","21,36164384",Эксплуатация,06.03.2014,01.07.2025,"60897,49"
100000065635,Самосвалы CAT 785C,65,4,Самосвал карьерный 785C №536,11-RUD-CGTR-SEBT-CC84,1113011620,E01_01,Самосвалы карьерные,100000065635,Самосвал карьерный 785C №536,E01_01,Самосвалы карьерные,Самосвал карьерный №536,11-RUD-CGTR-SEBT-C785,first11-RUD-CGTR-SEBT-CC84,first11,11,RUD,11-RUD,CGTR,-,CGTR,SEBT,no_data,2014-03-06,21.35,2025-07-01,Олимпиадинский ГОК,960000001,"21,35068493","21,35068493",Эксплуатация,06.03.2014,01.07.2025,"62188,36"
100000065636,Самосвалы CAT 785C,65,4,Самосвал карьерный 785C №535,11-RUD-CGTR-SEBT-CC83,1113011620,E01_01,Самосвалы карьерные,100000065636,Самосвал карьерный 785C №535,E01_01,Самосвалы карьерные,Самосвал карьерный №535,11-RUD-CGTR-SEBT-C785,first11-RUD-CGTR-SEBT-CC83,first11,11,RUD,11-RUD,CGTR,-,CGTR,SEBT,no_data,2014-03-06,21.26,2025-07-01,Олимпиадинский ГОК,960000001,"21,2630137","21,2630137",Эксплуатация,06.03.2014,01.07.2025,"59595,11"
100000065637,Самосвалы CAT 785C,65,4,Самосвал карьерный 785C №518,11-RUD-CGTR-SEBT-CC66,1113011620,E01_01,Самосвалы карьерные,100000065637,Самосвал карьерный 785C №518,E01_01,Самосвалы карьерные,Самосвал карьерный №518,11-RUD-CGTR-SEBT-C785,first11-RUD-CGTR-SEBT-CC66,first11,11,RUD,11-RUD,CGTR,-,CGTR,SEBT,no_data,2012-07-05,20.55,2024-07-01,Олимпиадинский ГОК,960000001,"20,54794521","20,54794521",Эксплуатация,05.07.2012,01.07.2024,"74426,35"
100000065638,Самосвалы CAT 785C,65,4,Самосвал карьерный 785C №520,11-RUD-CGTR-SEBT-CC68,1113011620,E01_01,Самосвалы карьерные,100000065638,Самосвал карьерный 785C №520,E01_01,Самосвалы карьерные,Самосвал карьерный №520,11-RUD-CGTR-SEBT-C785,first11-RUD-CGTR-SEBT-CC68,first11,11,RUD,11-RUD,CGTR,-,CGTR,SEBT,no_data,2012-07-05,20.55,2024-07-01,Олимпиадинский ГОК,960000001,"20,54794521","20,54794521",Эксплуатация,05.07.2012,01.07.2024,"71588,21"
100000065639,Самосвалы CAT 785C,65,4,Самосвал карьерный 785C №519,11-RUD-CGTR-SEBT-CC67,1113011620,E01_01,Самосвалы карьерные,100000065639,Самосвал карьерный 785C №519,E01_01,Самосвалы карьерные,Самосвал карьерный №519,11-RUD-CGTR-SEBT-C785,first11-RUD-CGTR-SEBT-CC67,first11,11,RUD,11-RUD,CGTR,-,CGTR,SEBT,no_data,2012-07-05,20.55,2024-07-01,Олимпиадинский ГОК,960000001,"20,54794521","20,54794521",Эксплуатация,05.07.2012,01.07.2024,"73710,7"
100000065640,Самосвалы CAT 785C,65,4,Самосвал карьерный 785C №517,11-RUD-CGTR-SEBT-CC65,1113011620,E01_01,Самосвалы карьерные,100000065640,Самосвал карьерный 785C №517,E01_01,Самосвалы карьерные,Самосвал карьерный №517,11-RUD-CGTR-SEBT-C785,first11-RUD-CGTR-SEBT-CC65,first11,11,RUD,11-RUD,CGTR,-,CGTR,SEBT,no_data,2012-07-05,20.55,2024-07-01,Олимпиадинский ГОК,960000001,"20,54794521","20,54794521",Эксплуатация,05.07.2012,01.07.2024,"71937,24"
100000065641,Самосвалы CAT 785C,65,4,Самосвал карьерный 785C №521,11-RUD-CGTR-SEBT-CC69,1113011620,E01_01,Самосвалы карьерные,100000065641,Самосвал карьерный 785C №521,E01_01,Самосвалы карьерные,Самосвал карьерный №521,11-RUD-CGTR-SEBT-C785,first11-RUD-CGTR-SEBT-CC69,first11,11,RUD,11-RUD,CGTR,-,CGTR,SEBT,no_data,2012-09-30,20.55,2024-07-01,Олимпиадинский ГОК,960000001,"20,54794521","20,54794521",Эксплуатация,30.09.2012,01.07.2024,"72281,64"
100000065643,Самосвалы CAT 785C,65,4,Самосвал карьерный 785C №522,11-RUD-CGTR-SEBT-CC70,1113011620,E01_01,Самосвалы карьерные,100000065643,Самосвал карьерный 785C №522,E01_01,Самосвалы карьерные,Самосвал карьерный №522,11-RUD-CGTR-SEBT-C785,first11-RUD-CGTR-SEBT-CC70,first11,11,RUD,11-RUD,CGTR,-,CGTR,SEBT,no_data,2012-09-30,20.55,2024-07-01,Олимпиадинский ГОК,960000001,"20,54794521","20,54794521",Эксплуатация,30.09.2012,01.07.2024,"71408,38"
100000065977,Самосвалы CAT 785C,65,4,Самосвал карьерный 785C №446,11-RUD-CGTR-SEBT-CC45,1113011620,E01_01,Самосвалы карьерные,100000065977,Самосвал карьерный 785C №446,E01_01,Самосвалы карьерные,Самосвал карьерный №446,11-RUD-CGTR-SEBT-C785,first11-RUD-CGTR-SEBT-CC45,first11,11,RUD,11-RUD,CGTR,-,CGTR,SEBT,no_data,2016-08-10,21.57,2030-07-01,Олимпиадинский ГОК,960000001,"21,57260274","21,57260274",Эксплуатация,10.08.2016,01.07.2030,"42660,98"
100000065978,Самосвалы CAT 785C,65,4,Самосвал карьерный 785C №447,11-RUD-CGTR-SEBT-CC46,1113011620,E01_01,Самосвалы карьерные,100000065978,Самосвал карьерный 785C №447,E01_01,Самосвалы карьерные,Самосвал карьерный №447,11-RUD-CGTR-SEBT-C785,first11-RUD-CGTR-SEBT-CC46,first11,11,RUD,11-RUD,CGTR,-,CGTR,SEBT,no_data,2016-08-10,21.57,2030-07-01,Олимпиадинский ГОК,960000001,"21,57260274","21,57260274",Эксплуатация,10.08.2016,01.07.2030,"43498,94"
100000065979,Самосвалы CAT 785C,65,4,Самосвал карьерный 785C №448,11-RUD-CGTR-SEBT-CC47,1113011620,E01_01,Самосвалы карьерные,100000065979,Самосвал карьерный 785C №448,E01_01,Самосвалы карьерные,Самосвал карьерный №448,11-RUD-CGTR-SEBT-C785,first11-RUD-CGTR-SEBT-CC47,first11,11,RUD,11-RUD,CGTR,-,CGTR,SEBT,no_data,2016-08-10,21.57,2030-07-01,Олимпиадинский ГОК,960000001,"21,57260274","21,57260274",Эксплуатация,10.08.2016,01.07.2030,"43452,55"
100000065980,Самосвалы CAT 785C,65,4,Самосвал карьерный 785C №449,11-RUD-CGTR-SEBT-CC48,1113011620,E01_01,Самосвалы карьерные,100000065980,Самосвал карьерный 785C №449,E01_01,Самосвалы карьерные,Самосвал карьерный №449,11-RUD-CGTR-SEBT-C785,first11-RUD-CGTR-SEBT-CC48,first11,11,RUD,11-RUD,CGTR,-,CGTR,SEBT,no_data,2016-08-10,21.26,2030-07-01,Олимпиадинский ГОК,960000001,"21,2630137","21,2630137",Эксплуатация,10.08.2016,01.07.2030,"44110,34"
100000065981,Самосвалы CAT 785C,65,4,Самосвал карьерный 785C №450,11-RUD-CGTR-SEBT-CC49,1113011620,E01_01,Самосвалы карьерные,100000065981,Самосвал карьерный 785C №450,E01_01,Самосвалы карьерные,Самосвал карьерный №450,11-RUD-CGTR-SEBT-C785,first11-RUD-CGTR-SEBT-CC49,first11,11,RUD,11-RUD,CGTR,-,CGTR,SEBT,no_data,2016-08-10,21.26,2030-07-01,Олимпиадинский ГОК,960000001,"21,2630137","21,2630137",Эксплуатация,10.08.2016,01.07.2030,"43629,33"
100000008673,Самосвалы CAT 785C,65,4,Самосвал карьерный 785C №1619,03-CTT-CC01,1213011420,E01_01,Самосвалы карьерные,100000008673,Самосвал карьерный 785C №1619,E01_01,Самосвалы карьерные,Самосвал №1619,03-CTT-C785,first03-CTT-CC01,first03,3,CTT,03-CTT,CC01,-,CC01,no_data,no_data,2017-12-12,20.37,2030-01-01,Полюс Вернинское,960000001,"20,37",,no_data,,,
100000008674,Самосвалы CAT 785C,65,4,Самосвал карьерный 785C №1620,03-CTT-CC02,1213011420,E01_01,Самосвалы карьерные,100000008674,Самосвал карьерный 785C №1620,E01_01,Самосвалы карьерные,Самосвал №1620,03-CTT-C785,first03-CTT-CC02,first03,3,CTT,03-CTT,CC02,-,CC02,no_data,no_data,2017-12-12,20.37,2030-01-01,Полюс Вернинское,960000001,"20,37",,no_data,,,
100000084384,Самосвалы Komatsu HD1500-7,71,1,Самосвал карьерный HD1500-7 №1,05-KAR-UTTR-K701,1413011120,E01_01,Самосвалы карьерные,100000084384,Самосвал карьерный HD1500-7 №1,E01_01,Самосвалы карьерные,Самосвал карьерный №1,05-KAR-UTTR-K158,first05-KAR-UTTR-K701,first05,5,KAR,05-KAR,UTTR,-,UTTR,K701,no_data,2012-08-01,20.37,2022-08-01,Полюс Магадан,960003681,"20,37",,Эксплуатация,01.08.2012,01.08.2022,51337
100000084385,Самосвалы Komatsu HD1500-7,71,1,Самосвал карьерный HD1500-7 №2,05-KAR-UTTR-K705,1413011120,E01_01,Самосвалы карьерные,100000084385,Самосвал карьерный HD1500-7 №2,E01_01,Самосвалы карьерные,Самосвал карьерный №2,05-KAR-UTTR-K158,first05-KAR-UTTR-K705,first05,5,KAR,05-KAR,UTTR,-,UTTR,K705,no_data,2012-08-01,20.37,2022-08-01,Полюс Магадан,960003681,"20,37",,Эксплуатация,01.08.2012,01.08.2022,47981
100000084386,Самосвалы Komatsu HD1500-7,71,1,Самосвал карьерный HD1500-7 №3,05-KAR-UTTR-K706,1413011120,E01_01,Самосвалы карьерные,100000084386,Самосвал карьерный HD1500-7 №3,E01_01,Самосвалы карьерные,Самосвал карьерный №3,05-KAR-UTTR-K158,first05-KAR-UTTR-K706,first05,5,KAR,05-KAR,UTTR,-,UTTR,K706,no_data,2012-08-01,20.37,2022-08-01,Полюс Магадан,960003681,"20,37",,Эксплуатация,01.08.2012,01.08.2022,52267
100000084387,Самосвалы Komatsu HD1500-7,71,1,Самосвал карьерный HD1500-7 №4,05-KAR-UTTR-K707,1413011120,E01_01,Самосвалы карьерные,100000084387,Самосвал карьерный HD1500-7 №4,E01_01,Самосвалы карьерные,Самосвал карьерный №4,05-KAR-UTTR-K158,first05-KAR-UTTR-K707,first05,5,KAR,05-KAR,UTTR,-,UTTR,K707,no_data,2012-08-01,20.37,2022-08-01,Полюс Магадан,960003681,"20,37",,Эксплуатация,01.08.2012,01.08.2022,49473
100000084388,Самосвалы Komatsu HD1500-7,71,1,Самосвал карьерный HD1500-7 №5,05-KAR-UTTR-K708,1413011120,E01_01,Самосвалы карьерные,100000084388,Самосвал карьерный HD1500-7 №5,E01_01,Самосвалы карьерные,Самосвал карьерный №5,05-KAR-UTTR-K158,first05-KAR-UTTR-K708,first05,5,KAR,05-KAR,UTTR,-,UTTR,K708,no_data,2013-03-31,20.37,2023-03-31,Полюс Магадан,960003681,"20,37",,Эксплуатация,31.03.2013,31.03.2023,53679
100000084389,Самосвалы Komatsu HD1500-7,71,1,Самосвал карьерный HD1500-7 №6,05-KAR-UTTR-K709,1413011120,E01_01,Самосвалы карьерные,100000084389,Самосвал карьерный HD1500-7 №6,E01_01,Самосвалы карьерные,Самосвал карьерный №6,05-KAR-UTTR-K158,first05-KAR-UTTR-K709,first05,5,KAR,05-KAR,UTTR,-,UTTR,K709,no_data,2013-03-31,20.37,2023-03-31,Полюс Магадан,960003681,"20,37",,Эксплуатация,31.03.2013,31.03.2023,45781
100000084390,Самосвалы Komatsu HD1500-7,71,1,Самосвал карьерный HD1500-7 №7,05-KAR-UTTR-K710,1413011120,E01_01,Самосвалы карьерные,100000084390,Самосвал карьерный HD1500-7 №7,E01_01,Самосвалы карьерные,Самосвал карьерный №7,05-KAR-UTTR-K158,first05-KAR-UTTR-K710,first05,5,KAR,05-KAR,UTTR,-,UTTR,K710,no_data,2013-04-30,20.37,2023-04-30,Полюс Магадан,960003681,"20,37",,Эксплуатация,30.04.2013,30.04.2023,51271
100000084391,Самосвалы Komatsu HD1500-7,71,1,Самосвал карьерный HD1500-7 №8,05-KAR-UTTR-K711,1413011120,E01_01,Самосвалы карьерные,100000084391,Самосвал карьерный HD1500-7 №8,E01_01,Самосвалы карьерные,Самосвал карьерный №8,05-KAR-UTTR-K158,first05-KAR-UTTR-K711,first05,5,KAR,05-KAR,UTTR,-,UTTR,K711,no_data,2013-04-30,20.37,2023-04-30,Полюс Магадан,960003681,"20,37",,Эксплуатация,30.04.2013,30.04.2023,49970
100000084392,Самосвалы Komatsu HD1500-7,71,1,Самосвал карьерный HD1500-7 №9,05-KAR-UTTR-K712,1413011120,E01_01,Самосвалы карьерные,100000084392,Самосвал карьерный HD1500-7 №9,E01_01,Самосвалы карьерные,Самосвал карьерный №9,05-KAR-UTTR-K158,first05-KAR-UTTR-K712,first05,5,KAR,05-KAR,UTTR,-,UTTR,K712,no_data,2013-06-30,20.37,2023-06-30,Полюс Магадан,960003681,"20,37",,Эксплуатация,30.06.2013,30.06.2023,52723
100000084393,Самосвалы Komatsu HD1500-7,71,1,Самосвал карьерный HD1500-7 №10,05-KAR-UTTR-K702,1413011120,E01_01,Самосвалы карьерные,100000084393,Самосвал карьерный HD1500-7 №10,E01_01,Самосвалы карьерные,Самосвал карьерный №10,05-KAR-UTTR-K158,first05-KAR-UTTR-K702,first05,5,KAR,05-KAR,UTTR,-,UTTR,K702,no_data,2013-06-30,20.37,2023-06-30,Полюс Магадан,960003681,"20,37",,Эксплуатация,30.06.2013,30.06.2023,48469
100000084394,Самосвалы Komatsu HD1500-7,71,1,Самосвал карьерный HD1500-7 №11,05-KAR-UTTR-K703,1413011120,E01_01,Самосвалы карьерные,100000084394,Самосвал карьерный HD1500-7 №11,E01_01,Самосвалы карьерные,Самосвал карьерный №11,05-KAR-UTTR-K158,first05-KAR-UTTR-K703,first05,5,KAR,05-KAR,UTTR,-,UTTR,K703,no_data,2013-07-31,20.37,2023-07-31,Полюс Магадан,960003681,"20,37",,Эксплуатация,31.07.2013,31.07.2023,47396
100000084395,Самосвалы Komatsu HD1500-7,71,1,Самосвал карьерный HD1500-7 №12,05-KAR-UTTR-K704,1413011120,E01_01,Самосвалы карьерные,100000084395,Самосвал карьерный HD1500-7 №12,E01_01,Самосвалы карьерные,Самосвал карьерный №12,05-KAR-UTTR-K158,first05-KAR-UTTR-K704,first05,5,KAR,05-KAR,UTTR,-,UTTR,K704,no_data,2013-08-31,20.37,2023-08-31,Полюс Магадан,960003681,"20,37",,Эксплуатация,31.08.2013,31.08.2023,47896
100000084396,Самосвалы Komatsu 730E-8,69,2,Самосвал карьерный 730E-8 №13,05-KAR-UTTR-K801,1413011320,E01_01,Самосвалы карьерные,100000084396,Самосвал карьерный 730E-8 №13,E01_01,Самосвалы карьерные,Самосвал карьерный №13,05-KAR-UTTR-K738,first05-KAR-UTTR-K801,first05,5,KAR,05-KAR,UTTR,-,UTTR,K801,no_data,2018-03-16,20.37,2030-03-16,Полюс Магадан,960003680,"20,37",,Эксплуатация,16.03.2018,16.03.2030,31502
100000084397,Самосвалы Komatsu 730E-8,69,2,Самосвал карьерный 730E-8 №14,05-KAR-UTTR-K802,1413011320,E01_01,Самосвалы карьерные,100000084397,Самосвал карьерный 730E-8 №14,E01_01,Самосвалы карьерные,Самосвал карьерный №14,05-KAR-UTTR-K738,first05-KAR-UTTR-K802,first05,5,KAR,05-KAR,UTTR,-,UTTR,K802,no_data,2018-03-16,20.37,2030-03-16,Полюс Магадан,960003680,"20,37",,Эксплуатация,16.03.2018,16.03.2030,29345
100000084398,Самосвалы Komatsu 730E-8,69,2,Самосвал карьерный 730E-8 №15,05-KAR-UTTR-K803,1413011320,E01_01,Самосвалы карьерные,100000084398,Самосвал карьерный 730E-8 №15,E01_01,Самосвалы карьерные,Самосвал карьерный №15,05-KAR-UTTR-K738,first05-KAR-UTTR-K803,first05,5,KAR,05-KAR,UTTR,-,UTTR,K803,no_data,2018-04-23,20.37,2030-04-23,Полюс Магадан,960003680,"20,37",,Эксплуатация,23.04.2018,23.04.2030,26296
100000084399,Самосвалы Komatsu 730E-8,69,2,Самосвал карьерный 730E-8 №16,05-KAR-UTTR-K804,1413011320,E01_01,Самосвалы карьерные,100000084399,Самосвал карьерный 730E-8 №16,E01_01,Самосвалы карьерные,Самосвал карьерный №16,05-KAR-UTTR-K738,first05-KAR-UTTR-K804,first05,5,KAR,05-KAR,UTTR,-,UTTR,K804,no_data,2018-04-23,20.37,2030-04-23,Полюс Магадан,960003680,"20,37",,Эксплуатация,23.04.2018,23.04.2030,29792
100000084402,Самосвалы Komatsu 730E-8,69,2,Самосвал карьерный 730E-8 №19,05-KAR-UTTR-K807,1413011320,E01_01,Самосвалы карьерные,100000084402,Самосвал карьерный 730E-8 №19,E01_01,Самосвалы карьерные,Самосвал карьерный №19,05-KAR-UTTR-K738,first05-KAR-UTTR-K807,first05,5,KAR,05-KAR,UTTR,-,UTTR,K807,no_data,2018-05-30,20.37,2030-05-30,Полюс Магадан,960003680,"20,37",,Эксплуатация,30.05.2018,30.05.2030,30056
100000084403,Самосвалы Komatsu 730E-8,69,2,Самосвал карьерный 730E-8 №20,05-KAR-UTTR-K808,1413011320,E01_01,Самосвалы карьерные,100000084403,Самосвал карьерный 730E-8 №20,E01_01,Самосвалы карьерные,Самосвал карьерный №20,05-KAR-UTTR-K738,first05-KAR-UTTR-K808,first05,5,KAR,05-KAR,UTTR,-,UTTR,K808,no_data,2018-05-30,20.37,2030-05-30,Полюс Магадан,960003680,"20,37",,Эксплуатация,30.05.2018,30.05.2030,29919
100000084400,Самосвалы Komatsu 730E-8,69,2,Самосвал карьерный 730E-8 №17,05-KAR-UTTR-K805,1413011320,E01_01,Самосвалы карьерные,100000084400,Самосвал карьерный 730E-8 №17,E01_01,Самосвалы карьерные,Самосвал карьерный №17,05-KAR-UTTR-K738,first05-KAR-UTTR-K805,first05,5,KAR,05-KAR,UTTR,-,UTTR,K805,no_data,2018-04-23,20.37,2030-04-23,Полюс Магадан,960003680,"20,37",,Эксплуатация,23.04.2018,23.04.2030,26479
100000084401,Самосвалы Komatsu 730E-8,69,2,Самосвал карьерный 730E-8 №18,05-KAR-UTTR-K806,1413011320,E01_01,Самосвалы карьерные,100000084401,Самосвал карьерный 730E-8 №18,E01_01,Самосвалы карьерные,Самосвал карьерный №18,05-KAR-UTTR-K738,first05-KAR-UTTR-K806,first05,5,KAR,05-KAR,UTTR,-,UTTR,K806,no_data,2018-04-23,20.37,2030-04-23,Полюс Магадан,960003680,"20,37",,Эксплуатация,23.04.2018,23.04.2030,30194
100000084404,Самосвалы Komatsu 730E-8,69,2,Самосвал карьерный 730E-8 №21,05-KAR-UTTR-K809,1413011320,E01_01,Самосвалы карьерные,100000084404,Самосвал карьерный 730E-8 №21,E01_01,Самосвалы карьерные,Самосвал карьерный №21,05-KAR-UTTR-K738,first05-KAR-UTTR-K809,first05,5,KAR,05-KAR,UTTR,-,UTTR,K809,no_data,2018-05-30,20.37,2030-05-30,Полюс Магадан,960003680,"20,37",,Эксплуатация,30.05.2018,30.05.2030,28999
100000084405,Самосвалы Komatsu 730E-8,69,2,Самосвал карьерный 730E-8 №22,05-KAR-UTTR-K810,1413011320,E01_01,Самосвалы карьерные,100000084405,Самосвал карьерный 730E-8 №22,E01_01,Самосвалы карьерные,Самосвал карьерный №22,05-KAR-UTTR-K738,first05-KAR-UTTR-K810,first05,5,KAR,05-KAR,UTTR,-,UTTR,K810,no_data,2018-05-30,20.37,2030-05-30,Полюс Магадан,960003680,"20,37",,Эксплуатация,30.05.2018,30.05.2030,28907
100000084406,Самосвалы Komatsu 730E-8,69,2,Самосвал карьерный 730E-8 №23,05-KAR-UTTR-K811,1413011320,E01_01,Самосвалы карьерные,100000084406,Самосвал карьерный 730E-8 №23,E01_01,Самосвалы карьерные,Самосвал карьерный №23,05-KAR-UTTR-K738,first05-KAR-UTTR-K811,first05,5,KAR,05-KAR,UTTR,-,UTTR,K811,no_data,2018-06-30,20.37,2030-06-30,Полюс Магадан,960003680,"20,37",,Эксплуатация,30.06.2018,30.06.2030,29437
100000084407,Самосвалы Komatsu 730E-8,69,2,Самосвал карьерный 730E-8 №24,05-KAR-UTTR-K812,1413011320,E01_01,Самосвалы карьерные,100000084407,Самосвал карьерный 730E-8 №24,E01_01,Самосвалы карьерные,Самосвал карьерный №24,05-KAR-UTTR-K738,first05-KAR-UTTR-K812,first05,5,KAR,05-KAR,UTTR,-,UTTR,K812,no_data,2018-06-30,20.37,2030-06-30,Полюс Магадан,960003680,"20,37",,Эксплуатация,30.06.2018,30.06.2030,27514
100000084408,Самосвалы Komatsu 730E-8,69,2,Самосвал карьерный 730E-8 №25,05-KAR-UTTR-K813,1413011320,E01_01,Самосвалы карьерные,100000084408,Самосвал карьерный 730E-8 №25,E01_01,Самосвалы карьерные,Самосвал карьерный №25,05-KAR-UTTR-K738,first05-KAR-UTTR-K813,first05,5,KAR,05-KAR,UTTR,-,UTTR,K813,no_data,2018-06-30,20.37,2030-06-30,Полюс Магадан,960003680,"20,37",,Эксплуатация,30.06.2018,30.06.2030,28970
100000084409,Самосвалы Komatsu 730E-8,69,2,Самосвал карьерный 730E-8 №26,05-KAR-UTTR-K814,1413011320,E01_01,Самосвалы карьерные,100000084409,Самосвал карьерный 730E-8 №26,E01_01,Самосвалы карьерные,Самосвал карьерный №26,05-KAR-UTTR-K738,first05-KAR-UTTR-K814,first05,5,KAR,05-KAR,UTTR,-,UTTR,K814,no_data,2018-07-31,20.37,2030-07-31,Полюс Магадан,960003680,"20,37",,Эксплуатация,31.07.2018,31.07.2030,28978
100000084410,Самосвалы Komatsu 730E-8,69,2,Самосвал карьерный 730E-8 №27,05-KAR-UTTR-K815,1413011320,E01_01,Самосвалы карьерные,100000084410,Самосвал карьерный 730E-8 №27,E01_01,Самосвалы карьерные,Самосвал карьерный №27,05-KAR-UTTR-K738,first05-KAR-UTTR-K815,first05,5,KAR,05-KAR,UTTR,-,UTTR,K815,no_data,2018-07-31,20.37,2030-07-31,Полюс Магадан,960003680,"20,37",,Эксплуатация,31.07.2018,31.07.2030,28874
100000084411,Самосвалы Komatsu 730E-8,69,2,Самосвал карьерный 730E-8 №28,05-KAR-UTTR-K816,1413011320,E01_01,Самосвалы карьерные,100000084411,Самосвал карьерный 730E-8 №28,E01_01,Самосвалы карьерные,Самосвал карьерный №28,05-KAR-UTTR-K738,first05-KAR-UTTR-K816,first05,5,KAR,05-KAR,UTTR,-,UTTR,K816,no_data,2018-07-31,20.37,2030-07-31,Полюс Магадан,960003680,"20,37",,Эксплуатация,31.07.2018,31.07.2030,28292
100000084412,Самосвалы Komatsu 730E-8,69,2,Самосвал карьерный 730E-8 №29,05-KAR-UTTR-K817,1413011320,E01_01,Самосвалы карьерные,100000084412,Самосвал карьерный 730E-8 №29,E01_01,Самосвалы карьерные,Самосвал карьерный №29,05-KAR-UTTR-K738,first05-KAR-UTTR-K817,first05,5,KAR,05-KAR,UTTR,-,UTTR,K817,no_data,2018-09-10,20.37,2030-09-10,Полюс Магадан,960003680,"20,37",,Эксплуатация,10.09.2018,10.09.2030,26433
